{"cameraMode":{"drawMode":0,"name":"Shaded","section":"Shading Mode"},"sceneLighting":false,"audioPlay":false,"sceneViewState":{"m_AlwaysRefresh":false,"showFog":true,"showSkybox":false,"showFlares":true,"showImageEffects":true,"showParticleSystems":true,"showVisualEffectGraphs":true,"m_FxEnabled":true},"in2DMode":false,"pivot":{"x":0.6381894946098328,"y":0.8295193910598755,"z":0.10993057489395142},"rotation":{"x":0.49121373891830447,"y":-0.30098214745521548,"z":0.18573589622974397,"w":0.7960042357444763},"size":0.7243536114692688,"orthographic":false}