{"cameraMode":{"drawMode":0,"name":"Shaded","section":"Shading Mode"},"sceneLighting":false,"audioPlay":false,"sceneViewState":{"m_AlwaysRefresh":false,"showFog":true,"showSkybox":false,"showFlares":true,"showImageEffects":true,"showParticleSystems":true,"showVisualEffectGraphs":true,"m_FxEnabled":true},"in2DMode":false,"pivot":{"x":0.9021856784820557,"y":0.9758930206298828,"z":0.1424647569656372},"rotation":{"x":0.22853441536426545,"y":-0.39870232343673708,"z":0.10329320281744003,"w":0.8821218013763428},"size":2.7680766582489015,"orthographic":false}