{"cameraMode":{"drawMode":0,"name":"Shaded","section":"Shading Mode"},"sceneLighting":false,"audioPlay":false,"sceneViewState":{"m_AlwaysRefresh":false,"showFog":true,"showSkybox":false,"showFlares":true,"showImageEffects":true,"showParticleSystems":true,"showVisualEffectGraphs":true,"m_FxEnabled":true},"in2DMode":false,"pivot":{"x":-0.01403886079788208,"y":0.15537410974502564,"z":-0.12899698317050935},"rotation":{"x":0.2592327296733856,"y":-0.27483388781547549,"z":0.07721742242574692,"w":0.9226678609848023},"size":1.710639476776123,"orthographic":true}